time,shoulder_pan_joint,shoulder_lift_joint,elbow_joint,wrist_1_joint,wrist_2_joint,wrist_3_joint
0.0,-3.0541322636935417,0.32131308433298988,-2.9454084368255535,-3.0268324557278996,-1.0668156062104308,3.0019441064164392
0.10000000000000001,-2.8152528724602006,-0.054022198789309472,-4.0384906768189595,-3.9348917725641561,-1.7421328337540047,5.3667684589418787
0.20000000000000001,-2.2625213515617153,0.63878534485359628,-3.5092815543032878,-3.3479475041672075,-2.1576722289136532,4.5410437356303737
0.30000000000000004,-2.2792679629845285,0.53112441183091452,-3.3323185946309826,-3.4896255494865387,-2.2745416253412847,4.7116609528417666
